<?xml version="1.0" encoding="UTF-8"?>
<!DOCTYPE plist PUBLIC "-//Apple Computer//DTD PLIST 1.0//EN" "http://www.apple.com/DTDs/PropertyList-1.0.dtd">
<plist version="1.0"><dict>
    <key>Application Version</key><string>5Z71</string>
    <key>0</key><dict>
        <key>Filename</key><string>/Users/macuser/Desktop/ASH/Ash_v7.inform/Source/story.ni</string>
        <key>Line</key><integer>1</integer>
        <key>Title</key><string>"Ash_v7" by Hanley Weng</string>
        <key>Level</key><integer>0</integer>
        <key>Indentation</key><integer>0</integer>
    </dict>
    <key>1</key><dict>
        <key>Filename</key><string>/Users/macuser/Desktop/Inform.app/Contents/Resources/Inform7/Extensions/graham nelson/standard rules.i7x</string>
        <key>Line</key><integer>1</integer>
        <key>Title</key><string>Version 2/090402 of the Standard Rules by Graham Nelson begins here</string>
        <key>Level</key><integer>0</integer>
        <key>Indentation</key><integer>0</integer>
    </dict>
    <key>2</key><dict>
        <key>Filename</key><string>/Users/macuser/Desktop/Inform.app/Contents/Resources/Inform7/Extensions/graham nelson/standard rules.i7x</string>
        <key>Line</key><integer>788</integer>
        <key>Title</key><string>Part SR1 - The Physical World Model</string>
        <key>Level</key><integer>3</integer>
        <key>Indentation</key><integer>1</integer>
    </dict>
    <key>3</key><dict>
        <key>Filename</key><string>/Users/macuser/Desktop/Inform.app/Contents/Resources/Inform7/Extensions/graham nelson/standard rules.i7x</string>
        <key>Line</key><integer>790</integer>
        <key>Title</key><string>Section SR1/0 - Language</string>
        <key>Level</key><integer>5</integer>
        <key>Indentation</key><integer>2</integer>
    </dict>
    <key>4</key><dict>
        <key>Filename</key><string>/Users/macuser/Desktop/Inform.app/Contents/Resources/Inform7/Extensions/graham nelson/standard rules.i7x</string>
        <key>Line</key><integer>846</integer>
        <key>Title</key><string>Section SR1/1 - Primitive Kinds</string>
        <key>Level</key><integer>5</integer>
        <key>Indentation</key><integer>2</integer>
    </dict>
    <key>5</key><dict>
        <key>Filename</key><string>/Users/macuser/Desktop/Inform.app/Contents/Resources/Inform7/Extensions/graham nelson/standard rules.i7x</string>
        <key>Line</key><integer>859</integer>
        <key>Title</key><string>Section SR1/2 - Rooms</string>
        <key>Level</key><integer>5</integer>
        <key>Indentation</key><integer>2</integer>
    </dict>
    <key>6</key><dict>
        <key>Filename</key><string>/Users/macuser/Desktop/Inform.app/Contents/Resources/Inform7/Extensions/graham nelson/standard rules.i7x</string>
        <key>Line</key><integer>888</integer>
        <key>Title</key><string>Section SR1/3 - Things</string>
        <key>Level</key><integer>5</integer>
        <key>Indentation</key><integer>2</integer>
    </dict>
    <key>7</key><dict>
        <key>Filename</key><string>/Users/macuser/Desktop/Inform.app/Contents/Resources/Inform7/Extensions/graham nelson/standard rules.i7x</string>
        <key>Line</key><integer>925</integer>
        <key>Title</key><string>Section SR1/4 - Directions</string>
        <key>Level</key><integer>5</integer>
        <key>Indentation</key><integer>2</integer>
    </dict>
    <key>8</key><dict>
        <key>Filename</key><string>/Users/macuser/Desktop/Inform.app/Contents/Resources/Inform7/Extensions/graham nelson/standard rules.i7x</string>
        <key>Line</key><integer>974</integer>
        <key>Title</key><string>Section SR1/5 - Doors</string>
        <key>Level</key><integer>5</integer>
        <key>Indentation</key><integer>2</integer>
    </dict>
    <key>9</key><dict>
        <key>Filename</key><string>/Users/macuser/Desktop/Inform.app/Contents/Resources/Inform7/Extensions/graham nelson/standard rules.i7x</string>
        <key>Line</key><integer>992</integer>
        <key>Title</key><string>Section SR1/6 - Containers</string>
        <key>Level</key><integer>5</integer>
        <key>Indentation</key><integer>2</integer>
    </dict>
    <key>10</key><dict>
        <key>Filename</key><string>/Users/macuser/Desktop/Inform.app/Contents/Resources/Inform7/Extensions/graham nelson/standard rules.i7x</string>
        <key>Line</key><integer>1006</integer>
        <key>Title</key><string>Section SR1/7 - Supporters</string>
        <key>Level</key><integer>5</integer>
        <key>Indentation</key><integer>2</integer>
    </dict>
    <key>11</key><dict>
        <key>Filename</key><string>/Users/macuser/Desktop/Inform.app/Contents/Resources/Inform7/Extensions/graham nelson/standard rules.i7x</string>
        <key>Line</key><integer>1021</integer>
        <key>Title</key><string>Section SR1/8 - Openability</string>
        <key>Level</key><integer>5</integer>
        <key>Indentation</key><integer>2</integer>
    </dict>
    <key>12</key><dict>
        <key>Filename</key><string>/Users/macuser/Desktop/Inform.app/Contents/Resources/Inform7/Extensions/graham nelson/standard rules.i7x</string>
        <key>Line</key><integer>1029</integer>
        <key>Title</key><string>Section SR1/9 - Lockability</string>
        <key>Level</key><integer>5</integer>
        <key>Indentation</key><integer>2</integer>
    </dict>
    <key>13</key><dict>
        <key>Filename</key><string>/Users/macuser/Desktop/Inform.app/Contents/Resources/Inform7/Extensions/graham nelson/standard rules.i7x</string>
        <key>Line</key><integer>1049</integer>
        <key>Title</key><string>Section SR1/10 - Backdrops</string>
        <key>Level</key><integer>5</integer>
        <key>Indentation</key><integer>2</integer>
    </dict>
    <key>14</key><dict>
        <key>Filename</key><string>/Users/macuser/Desktop/Inform.app/Contents/Resources/Inform7/Extensions/graham nelson/standard rules.i7x</string>
        <key>Line</key><integer>1059</integer>
        <key>Title</key><string>Section SR1/11 - People</string>
        <key>Level</key><integer>5</integer>
        <key>Indentation</key><integer>2</integer>
    </dict>
    <key>15</key><dict>
        <key>Filename</key><string>/Users/macuser/Desktop/Inform.app/Contents/Resources/Inform7/Extensions/graham nelson/standard rules.i7x</string>
        <key>Line</key><integer>1086</integer>
        <key>Title</key><string>Section SR1/12 - Animals, men and women</string>
        <key>Level</key><integer>5</integer>
        <key>Indentation</key><integer>2</integer>
    </dict>
    <key>16</key><dict>
        <key>Filename</key><string>/Users/macuser/Desktop/Inform.app/Contents/Resources/Inform7/Extensions/graham nelson/standard rules.i7x</string>
        <key>Line</key><integer>1104</integer>
        <key>Title</key><string>Section SR1/13 - Devices</string>
        <key>Level</key><integer>5</integer>
        <key>Indentation</key><integer>2</integer>
    </dict>
    <key>17</key><dict>
        <key>Filename</key><string>/Users/macuser/Desktop/Inform.app/Contents/Resources/Inform7/Extensions/graham nelson/standard rules.i7x</string>
        <key>Line</key><integer>1114</integer>
        <key>Title</key><string>Section SR1/14 - Vehicles</string>
        <key>Level</key><integer>5</integer>
        <key>Indentation</key><integer>2</integer>
    </dict>
    <key>18</key><dict>
        <key>Filename</key><string>/Users/macuser/Desktop/Inform.app/Contents/Resources/Inform7/Extensions/graham nelson/standard rules.i7x</string>
        <key>Line</key><integer>1127</integer>
        <key>Title</key><string>Section SR1/15 - Player's holdall</string>
        <key>Level</key><integer>5</integer>
        <key>Indentation</key><integer>2</integer>
    </dict>
    <key>19</key><dict>
        <key>Filename</key><string>/Users/macuser/Desktop/Inform.app/Contents/Resources/Inform7/Extensions/graham nelson/standard rules.i7x</string>
        <key>Line</key><integer>1142</integer>
        <key>Title</key><string>Section SR1/16 - Inform 6 equivalents</string>
        <key>Level</key><integer>5</integer>
        <key>Indentation</key><integer>2</integer>
    </dict>
    <key>20</key><dict>
        <key>Filename</key><string>/Users/macuser/Desktop/Inform.app/Contents/Resources/Inform7/Extensions/graham nelson/standard rules.i7x</string>
        <key>Line</key><integer>1179</integer>
        <key>Title</key><string>Part SR2 - Variables and Rulebooks</string>
        <key>Level</key><integer>3</integer>
        <key>Indentation</key><integer>1</integer>
    </dict>
    <key>21</key><dict>
        <key>Filename</key><string>/Users/macuser/Desktop/Inform.app/Contents/Resources/Inform7/Extensions/graham nelson/standard rules.i7x</string>
        <key>Line</key><integer>1181</integer>
        <key>Title</key><string>Section SR2/1 - Situation</string>
        <key>Level</key><integer>5</integer>
        <key>Indentation</key><integer>2</integer>
    </dict>
    <key>22</key><dict>
        <key>Filename</key><string>/Users/macuser/Desktop/Inform.app/Contents/Resources/Inform7/Extensions/graham nelson/standard rules.i7x</string>
        <key>Line</key><integer>1201</integer>
        <key>Title</key><string>Section SR2/2 - Current action</string>
        <key>Level</key><integer>5</integer>
        <key>Indentation</key><integer>2</integer>
    </dict>
    <key>23</key><dict>
        <key>Filename</key><string>/Users/macuser/Desktop/Inform.app/Contents/Resources/Inform7/Extensions/graham nelson/standard rules.i7x</string>
        <key>Line</key><integer>1215</integer>
        <key>Title</key><string>Section SR2/3 - Used when ruling on accessibility</string>
        <key>Level</key><integer>5</integer>
        <key>Indentation</key><integer>2</integer>
    </dict>
    <key>24</key><dict>
        <key>Filename</key><string>/Users/macuser/Desktop/Inform.app/Contents/Resources/Inform7/Extensions/graham nelson/standard rules.i7x</string>
        <key>Line</key><integer>1227</integer>
        <key>Title</key><string>Section SR2/4 - Used when understanding typed commands</string>
        <key>Level</key><integer>5</integer>
        <key>Indentation</key><integer>2</integer>
    </dict>
    <key>25</key><dict>
        <key>Filename</key><string>/Users/macuser/Desktop/Inform.app/Contents/Resources/Inform7/Extensions/graham nelson/standard rules.i7x</string>
        <key>Line</key><integer>1244</integer>
        <key>Title</key><string>Section SR2/5 - Presentation on screen</string>
        <key>Level</key><integer>5</integer>
        <key>Indentation</key><integer>2</integer>
    </dict>
    <key>26</key><dict>
        <key>Filename</key><string>/Users/macuser/Desktop/Inform.app/Contents/Resources/Inform7/Extensions/graham nelson/standard rules.i7x</string>
        <key>Line</key><integer>1258</integer>
        <key>Title</key><string>Section SR2/6 - Unindexed Standard Rules variables - Unindexed</string>
        <key>Level</key><integer>5</integer>
        <key>Indentation</key><integer>2</integer>
    </dict>
    <key>27</key><dict>
        <key>Filename</key><string>/Users/macuser/Desktop/Inform.app/Contents/Resources/Inform7/Extensions/graham nelson/standard rules.i7x</string>
        <key>Line</key><integer>1285</integer>
        <key>Title</key><string>Section SR2/7 - The Standard Rulebooks</string>
        <key>Level</key><integer>5</integer>
        <key>Indentation</key><integer>2</integer>
    </dict>
    <key>28</key><dict>
        <key>Filename</key><string>/Users/macuser/Desktop/Inform.app/Contents/Resources/Inform7/Extensions/graham nelson/standard rules.i7x</string>
        <key>Line</key><integer>1351</integer>
        <key>Title</key><string>Section SR2/8 - The Standard Rules</string>
        <key>Level</key><integer>5</integer>
        <key>Indentation</key><integer>2</integer>
    </dict>
    <key>29</key><dict>
        <key>Filename</key><string>/Users/macuser/Desktop/Inform.app/Contents/Resources/Inform7/Extensions/graham nelson/standard rules.i7x</string>
        <key>Line</key><integer>1429</integer>
        <key>Title</key><string>Section SR2/9 - The Entire Game scene</string>
        <key>Level</key><integer>5</integer>
        <key>Indentation</key><integer>2</integer>
    </dict>
    <key>30</key><dict>
        <key>Filename</key><string>/Users/macuser/Desktop/Inform.app/Contents/Resources/Inform7/Extensions/graham nelson/standard rules.i7x</string>
        <key>Line</key><integer>1435</integer>
        <key>Title</key><string>Section SR2/10 - Action processing</string>
        <key>Level</key><integer>5</integer>
        <key>Indentation</key><integer>2</integer>
    </dict>
    <key>31</key><dict>
        <key>Filename</key><string>/Users/macuser/Desktop/Inform.app/Contents/Resources/Inform7/Extensions/graham nelson/standard rules.i7x</string>
        <key>Line</key><integer>1518</integer>
        <key>Title</key><string>Section SR2/11 - Accessibility</string>
        <key>Level</key><integer>5</integer>
        <key>Indentation</key><integer>2</integer>
    </dict>
    <key>32</key><dict>
        <key>Filename</key><string>/Users/macuser/Desktop/Inform.app/Contents/Resources/Inform7/Extensions/graham nelson/standard rules.i7x</string>
        <key>Line</key><integer>1570</integer>
        <key>Title</key><string>Part SR3 - Activities</string>
        <key>Level</key><integer>3</integer>
        <key>Indentation</key><integer>1</integer>
    </dict>
    <key>33</key><dict>
        <key>Filename</key><string>/Users/macuser/Desktop/Inform.app/Contents/Resources/Inform7/Extensions/graham nelson/standard rules.i7x</string>
        <key>Line</key><integer>1716</integer>
        <key>Title</key><string>Section SR2/12 - Final question options</string>
        <key>Level</key><integer>5</integer>
        <key>Indentation</key><integer>2</integer>
    </dict>
    <key>34</key><dict>
        <key>Filename</key><string>/Users/macuser/Desktop/Inform.app/Contents/Resources/Inform7/Extensions/graham nelson/standard rules.i7x</string>
        <key>Line</key><integer>1726</integer>
        <key>Title</key><string>Section SR2/13 - Locale descriptions - Unindexed</string>
        <key>Level</key><integer>5</integer>
        <key>Indentation</key><integer>2</integer>
    </dict>
    <key>35</key><dict>
        <key>Filename</key><string>/Users/macuser/Desktop/Inform.app/Contents/Resources/Inform7/Extensions/graham nelson/standard rules.i7x</string>
        <key>Line</key><integer>1907</integer>
        <key>Title</key><string>Part SR4 - Actions</string>
        <key>Level</key><integer>3</integer>
        <key>Indentation</key><integer>1</integer>
    </dict>
    <key>36</key><dict>
        <key>Filename</key><string>/Users/macuser/Desktop/Inform.app/Contents/Resources/Inform7/Extensions/graham nelson/standard rules.i7x</string>
        <key>Line</key><integer>1909</integer>
        <key>Title</key><string>Section SR4/1 - Generic action patterns</string>
        <key>Level</key><integer>5</integer>
        <key>Indentation</key><integer>2</integer>
    </dict>
    <key>37</key><dict>
        <key>Filename</key><string>/Users/macuser/Desktop/Inform.app/Contents/Resources/Inform7/Extensions/graham nelson/standard rules.i7x</string>
        <key>Line</key><integer>1911</integer>
        <key>Title</key><string>Section SR4/2 - Standard actions concerning the actor's possessions</string>
        <key>Level</key><integer>5</integer>
        <key>Indentation</key><integer>2</integer>
    </dict>
    <key>38</key><dict>
        <key>Filename</key><string>/Users/macuser/Desktop/Inform.app/Contents/Resources/Inform7/Extensions/graham nelson/standard rules.i7x</string>
        <key>Line</key><integer>2285</integer>
        <key>Title</key><string>Section SR4/3 - Standard actions which move the actor</string>
        <key>Level</key><integer>5</integer>
        <key>Indentation</key><integer>2</integer>
    </dict>
    <key>39</key><dict>
        <key>Filename</key><string>/Users/macuser/Desktop/Inform.app/Contents/Resources/Inform7/Extensions/graham nelson/standard rules.i7x</string>
        <key>Line</key><integer>2597</integer>
        <key>Title</key><string>Section SR4/4 - Standard actions concerning the actor's vision</string>
        <key>Level</key><integer>5</integer>
        <key>Indentation</key><integer>2</integer>
    </dict>
    <key>40</key><dict>
        <key>Filename</key><string>/Users/macuser/Desktop/Inform.app/Contents/Resources/Inform7/Extensions/graham nelson/standard rules.i7x</string>
        <key>Line</key><integer>2860</integer>
        <key>Title</key><string>Section SR4/5 - Standard actions which change the state of things</string>
        <key>Level</key><integer>5</integer>
        <key>Indentation</key><integer>2</integer>
    </dict>
    <key>41</key><dict>
        <key>Filename</key><string>/Users/macuser/Desktop/Inform.app/Contents/Resources/Inform7/Extensions/graham nelson/standard rules.i7x</string>
        <key>Line</key><integer>3198</integer>
        <key>Title</key><string>Section SR4/6 - Standard actions concerning other people</string>
        <key>Level</key><integer>5</integer>
        <key>Indentation</key><integer>2</integer>
    </dict>
    <key>42</key><dict>
        <key>Filename</key><string>/Users/macuser/Desktop/Inform.app/Contents/Resources/Inform7/Extensions/graham nelson/standard rules.i7x</string>
        <key>Line</key><integer>3476</integer>
        <key>Title</key><string>Section SR4/7 - Standard actions which are checked but then do nothing unless rules intervene</string>
        <key>Level</key><integer>5</integer>
        <key>Indentation</key><integer>2</integer>
    </dict>
    <key>43</key><dict>
        <key>Filename</key><string>/Users/macuser/Desktop/Inform.app/Contents/Resources/Inform7/Extensions/graham nelson/standard rules.i7x</string>
        <key>Line</key><integer>3704</integer>
        <key>Title</key><string>Section SR4/8 - Standard actions which always do nothing unless rules intervene</string>
        <key>Level</key><integer>5</integer>
        <key>Indentation</key><integer>2</integer>
    </dict>
    <key>44</key><dict>
        <key>Filename</key><string>/Users/macuser/Desktop/Inform.app/Contents/Resources/Inform7/Extensions/graham nelson/standard rules.i7x</string>
        <key>Line</key><integer>4028</integer>
        <key>Title</key><string>Section SR4/9 - Standard actions which happen out of world</string>
        <key>Level</key><integer>5</integer>
        <key>Indentation</key><integer>2</integer>
    </dict>
    <key>45</key><dict>
        <key>Filename</key><string>/Users/macuser/Desktop/Inform.app/Contents/Resources/Inform7/Extensions/graham nelson/standard rules.i7x</string>
        <key>Line</key><integer>4159</integer>
        <key>Title</key><string>Section SR4/10 - Grammar</string>
        <key>Level</key><integer>5</integer>
        <key>Indentation</key><integer>2</integer>
    </dict>
    <key>46</key><dict>
        <key>Filename</key><string>/Users/macuser/Desktop/Inform.app/Contents/Resources/Inform7/Extensions/graham nelson/standard rules.i7x</string>
        <key>Line</key><integer>4384</integer>
        <key>Title</key><string>Part SR5 - Phrasebook</string>
        <key>Level</key><integer>3</integer>
        <key>Indentation</key><integer>1</integer>
    </dict>
    <key>47</key><dict>
        <key>Filename</key><string>/Users/macuser/Desktop/Inform.app/Contents/Resources/Inform7/Extensions/graham nelson/standard rules.i7x</string>
        <key>Line</key><integer>4386</integer>
        <key>Title</key><string>Section SR5/1/1 - Saying - Values</string>
        <key>Level</key><integer>5</integer>
        <key>Indentation</key><integer>2</integer>
    </dict>
    <key>48</key><dict>
        <key>Filename</key><string>/Users/macuser/Desktop/Inform.app/Contents/Resources/Inform7/Extensions/graham nelson/standard rules.i7x</string>
        <key>Line</key><integer>4407</integer>
        <key>Title</key><string>Section SR5/1/2 - Saying - Names with articles</string>
        <key>Level</key><integer>5</integer>
        <key>Indentation</key><integer>2</integer>
    </dict>
    <key>49</key><dict>
        <key>Filename</key><string>/Users/macuser/Desktop/Inform.app/Contents/Resources/Inform7/Extensions/graham nelson/standard rules.i7x</string>
        <key>Line</key><integer>4426</integer>
        <key>Title</key><string>Section SR5/1/3 - Saying - Say if and otherwise</string>
        <key>Level</key><integer>5</integer>
        <key>Indentation</key><integer>2</integer>
    </dict>
    <key>50</key><dict>
        <key>Filename</key><string>/Users/macuser/Desktop/Inform.app/Contents/Resources/Inform7/Extensions/graham nelson/standard rules.i7x</string>
        <key>Line</key><integer>4454</integer>
        <key>Title</key><string>Section SR5/1/4 - Saying - Say one of</string>
        <key>Level</key><integer>5</integer>
        <key>Indentation</key><integer>2</integer>
    </dict>
    <key>51</key><dict>
        <key>Filename</key><string>/Users/macuser/Desktop/Inform.app/Contents/Resources/Inform7/Extensions/graham nelson/standard rules.i7x</string>
        <key>Line</key><integer>4478</integer>
        <key>Title</key><string>Section SR5/1/5 - Saying - Paragraph control</string>
        <key>Level</key><integer>5</integer>
        <key>Indentation</key><integer>2</integer>
    </dict>
    <key>52</key><dict>
        <key>Filename</key><string>/Users/macuser/Desktop/Inform.app/Contents/Resources/Inform7/Extensions/graham nelson/standard rules.i7x</string>
        <key>Line</key><integer>4497</integer>
        <key>Title</key><string>Section SR5/1/6 - Saying - Special characters</string>
        <key>Level</key><integer>5</integer>
        <key>Indentation</key><integer>2</integer>
    </dict>
    <key>53</key><dict>
        <key>Filename</key><string>/Users/macuser/Desktop/Inform.app/Contents/Resources/Inform7/Extensions/graham nelson/standard rules.i7x</string>
        <key>Line</key><integer>4508</integer>
        <key>Title</key><string>Section SR5/1/7 - Saying - Fonts and visual effects</string>
        <key>Level</key><integer>5</integer>
        <key>Indentation</key><integer>2</integer>
    </dict>
    <key>54</key><dict>
        <key>Filename</key><string>/Users/macuser/Desktop/Inform.app/Contents/Resources/Inform7/Extensions/graham nelson/standard rules.i7x</string>
        <key>Line</key><integer>4525</integer>
        <key>Title</key><string>Section SR5/1/8 - Saying - Some built-in texts</string>
        <key>Level</key><integer>5</integer>
        <key>Indentation</key><integer>2</integer>
    </dict>
    <key>55</key><dict>
        <key>Filename</key><string>/Users/macuser/Desktop/Inform.app/Contents/Resources/Inform7/Extensions/graham nelson/standard rules.i7x</string>
        <key>Line</key><integer>4539</integer>
        <key>Title</key><string>Section SR5/1/9 - Saying - Saying lists of things</string>
        <key>Level</key><integer>5</integer>
        <key>Indentation</key><integer>2</integer>
    </dict>
    <key>56</key><dict>
        <key>Filename</key><string>/Users/macuser/Desktop/Inform.app/Contents/Resources/Inform7/Extensions/graham nelson/standard rules.i7x</string>
        <key>Line</key><integer>4621</integer>
        <key>Title</key><string>Section SR5/1/10 - Saying - Group in and omit from lists</string>
        <key>Level</key><integer>5</integer>
        <key>Indentation</key><integer>2</integer>
    </dict>
    <key>57</key><dict>
        <key>Filename</key><string>/Users/macuser/Desktop/Inform.app/Contents/Resources/Inform7/Extensions/graham nelson/standard rules.i7x</string>
        <key>Line</key><integer>4643</integer>
        <key>Title</key><string>Section SR5/1/11 - Saying - Lists of values</string>
        <key>Level</key><integer>5</integer>
        <key>Indentation</key><integer>2</integer>
    </dict>
    <key>58</key><dict>
        <key>Filename</key><string>/Users/macuser/Desktop/Inform.app/Contents/Resources/Inform7/Extensions/graham nelson/standard rules.i7x</string>
        <key>Line</key><integer>4653</integer>
        <key>Title</key><string>Section SR5/1/12 - Saying - Filtering contents - Unindexed</string>
        <key>Level</key><integer>5</integer>
        <key>Indentation</key><integer>2</integer>
    </dict>
    <key>59</key><dict>
        <key>Filename</key><string>/Users/macuser/Desktop/Inform.app/Contents/Resources/Inform7/Extensions/graham nelson/standard rules.i7x</string>
        <key>Line</key><integer>4660</integer>
        <key>Title</key><string>Section SR5/2/1 - Values and data structures - Counting</string>
        <key>Level</key><integer>5</integer>
        <key>Indentation</key><integer>2</integer>
    </dict>
    <key>60</key><dict>
        <key>Filename</key><string>/Users/macuser/Desktop/Inform.app/Contents/Resources/Inform7/Extensions/graham nelson/standard rules.i7x</string>
        <key>Line</key><integer>4669</integer>
        <key>Title</key><string>Section SR5/2/2 - Values and data structures - Arithmetic</string>
        <key>Level</key><integer>5</integer>
        <key>Indentation</key><integer>2</integer>
    </dict>
    <key>61</key><dict>
        <key>Filename</key><string>/Users/macuser/Desktop/Inform.app/Contents/Resources/Inform7/Extensions/graham nelson/standard rules.i7x</string>
        <key>Line</key><integer>4716</integer>
        <key>Title</key><string>Section SR5/2/3 - Values and data structures - Truth states</string>
        <key>Level</key><integer>5</integer>
        <key>Indentation</key><integer>2</integer>
    </dict>
    <key>62</key><dict>
        <key>Filename</key><string>/Users/macuser/Desktop/Inform.app/Contents/Resources/Inform7/Extensions/graham nelson/standard rules.i7x</string>
        <key>Line</key><integer>4722</integer>
        <key>Title</key><string>Section SR5/2/4 - Values and data structures - Randomness</string>
        <key>Level</key><integer>5</integer>
        <key>Indentation</key><integer>2</integer>
    </dict>
    <key>63</key><dict>
        <key>Filename</key><string>/Users/macuser/Desktop/Inform.app/Contents/Resources/Inform7/Extensions/graham nelson/standard rules.i7x</string>
        <key>Line</key><integer>4740</integer>
        <key>Title</key><string>Section SR5/2/5 - Values and data structures - Changing stored values</string>
        <key>Level</key><integer>5</integer>
        <key>Indentation</key><integer>2</integer>
    </dict>
    <key>64</key><dict>
        <key>Filename</key><string>/Users/macuser/Desktop/Inform.app/Contents/Resources/Inform7/Extensions/graham nelson/standard rules.i7x</string>
        <key>Line</key><integer>4793</integer>
        <key>Title</key><string>Section SR5/2/6 - Values and data structures - Increase and decrease</string>
        <key>Level</key><integer>5</integer>
        <key>Indentation</key><integer>2</integer>
    </dict>
    <key>65</key><dict>
        <key>Filename</key><string>/Users/macuser/Desktop/Inform.app/Contents/Resources/Inform7/Extensions/graham nelson/standard rules.i7x</string>
        <key>Line</key><integer>4813</integer>
        <key>Title</key><string>Section SR5/2/8 - Values and data structures - Tables</string>
        <key>Level</key><integer>5</integer>
        <key>Indentation</key><integer>2</integer>
    </dict>
    <key>66</key><dict>
        <key>Filename</key><string>/Users/macuser/Desktop/Inform.app/Contents/Resources/Inform7/Extensions/graham nelson/standard rules.i7x</string>
        <key>Line</key><integer>4844</integer>
        <key>Title</key><string>Section SR5/2/9 - Values and data structures - Sorting tables</string>
        <key>Level</key><integer>5</integer>
        <key>Indentation</key><integer>2</integer>
    </dict>
    <key>67</key><dict>
        <key>Filename</key><string>/Users/macuser/Desktop/Inform.app/Contents/Resources/Inform7/Extensions/graham nelson/standard rules.i7x</string>
        <key>Line</key><integer>4854</integer>
        <key>Title</key><string>Section SR5/2/10 - Values and data structures - Indexed text</string>
        <key>Level</key><integer>5</integer>
        <key>Indentation</key><integer>2</integer>
    </dict>
    <key>68</key><dict>
        <key>Filename</key><string>/Users/macuser/Desktop/Inform.app/Contents/Resources/Inform7/Extensions/graham nelson/standard rules.i7x</string>
        <key>Line</key><integer>4903</integer>
        <key>Title</key><string>Section SR5/2/11 - Values and data structures - Matching text</string>
        <key>Level</key><integer>5</integer>
        <key>Indentation</key><integer>2</integer>
    </dict>
    <key>69</key><dict>
        <key>Filename</key><string>/Users/macuser/Desktop/Inform.app/Contents/Resources/Inform7/Extensions/graham nelson/standard rules.i7x</string>
        <key>Line</key><integer>4931</integer>
        <key>Title</key><string>Section SR5/2/12 - Values and data structures - Replacing text</string>
        <key>Level</key><integer>5</integer>
        <key>Indentation</key><integer>2</integer>
    </dict>
    <key>70</key><dict>
        <key>Filename</key><string>/Users/macuser/Desktop/Inform.app/Contents/Resources/Inform7/Extensions/graham nelson/standard rules.i7x</string>
        <key>Line</key><integer>4949</integer>
        <key>Title</key><string>Section SR5/2/13 - Values and data structures - Casing of text</string>
        <key>Level</key><integer>5</integer>
        <key>Indentation</key><integer>2</integer>
    </dict>
    <key>71</key><dict>
        <key>Filename</key><string>/Users/macuser/Desktop/Inform.app/Contents/Resources/Inform7/Extensions/graham nelson/standard rules.i7x</string>
        <key>Line</key><integer>4965</integer>
        <key>Title</key><string>Section SR5/2/14 - Values and data structures - Lists</string>
        <key>Level</key><integer>5</integer>
        <key>Indentation</key><integer>2</integer>
    </dict>
    <key>72</key><dict>
        <key>Filename</key><string>/Users/macuser/Desktop/Inform.app/Contents/Resources/Inform7/Extensions/graham nelson/standard rules.i7x</string>
        <key>Line</key><integer>5012</integer>
        <key>Title</key><string>Section SR5/2/15 - Values and data structures - Length of lists</string>
        <key>Level</key><integer>5</integer>
        <key>Indentation</key><integer>2</integer>
    </dict>
    <key>73</key><dict>
        <key>Filename</key><string>/Users/macuser/Desktop/Inform.app/Contents/Resources/Inform7/Extensions/graham nelson/standard rules.i7x</string>
        <key>Line</key><integer>5029</integer>
        <key>Title</key><string>Section SR5/2/16 - Values and data structures - Reversing and rotating lists</string>
        <key>Level</key><integer>5</integer>
        <key>Indentation</key><integer>2</integer>
    </dict>
    <key>74</key><dict>
        <key>Filename</key><string>/Users/macuser/Desktop/Inform.app/Contents/Resources/Inform7/Extensions/graham nelson/standard rules.i7x</string>
        <key>Line</key><integer>5040</integer>
        <key>Title</key><string>Section SR5/2/17 - Values and data structures - Sorting lists</string>
        <key>Level</key><integer>5</integer>
        <key>Indentation</key><integer>2</integer>
    </dict>
    <key>75</key><dict>
        <key>Filename</key><string>/Users/macuser/Desktop/Inform.app/Contents/Resources/Inform7/Extensions/graham nelson/standard rules.i7x</string>
        <key>Line</key><integer>5054</integer>
        <key>Title</key><string>Section SR5/2/18 - Values and data structures - Use options</string>
        <key>Level</key><integer>5</integer>
        <key>Indentation</key><integer>2</integer>
    </dict>
    <key>76</key><dict>
        <key>Filename</key><string>/Users/macuser/Desktop/Inform.app/Contents/Resources/Inform7/Extensions/graham nelson/standard rules.i7x</string>
        <key>Line</key><integer>5060</integer>
        <key>Title</key><string>Section SR5/2/19 - Values and data structures - Relations</string>
        <key>Level</key><integer>5</integer>
        <key>Indentation</key><integer>2</integer>
    </dict>
    <key>77</key><dict>
        <key>Filename</key><string>/Users/macuser/Desktop/Inform.app/Contents/Resources/Inform7/Extensions/graham nelson/standard rules.i7x</string>
        <key>Line</key><integer>5070</integer>
        <key>Title</key><string>Section SR5/3/1 - Loops and conditionals - If and unless</string>
        <key>Level</key><integer>5</integer>
        <key>Indentation</key><integer>2</integer>
    </dict>
    <key>78</key><dict>
        <key>Filename</key><string>/Users/macuser/Desktop/Inform.app/Contents/Resources/Inform7/Extensions/graham nelson/standard rules.i7x</string>
        <key>Line</key><integer>5102</integer>
        <key>Title</key><string>Section SR5/3/2 - Loops and conditionals - While</string>
        <key>Level</key><integer>5</integer>
        <key>Indentation</key><integer>2</integer>
    </dict>
    <key>79</key><dict>
        <key>Filename</key><string>/Users/macuser/Desktop/Inform.app/Contents/Resources/Inform7/Extensions/graham nelson/standard rules.i7x</string>
        <key>Line</key><integer>5112</integer>
        <key>Title</key><string>Section SR5/3/3 - Loops and conditionals - Repeat</string>
        <key>Level</key><integer>5</integer>
        <key>Indentation</key><integer>2</integer>
    </dict>
    <key>80</key><dict>
        <key>Filename</key><string>/Users/macuser/Desktop/Inform.app/Contents/Resources/Inform7/Extensions/graham nelson/standard rules.i7x</string>
        <key>Line</key><integer>5127</integer>
        <key>Title</key><string>Section SR5/3/4 - Loops and conditionals - Repeat through tables</string>
        <key>Level</key><integer>5</integer>
        <key>Indentation</key><integer>2</integer>
    </dict>
    <key>81</key><dict>
        <key>Filename</key><string>/Users/macuser/Desktop/Inform.app/Contents/Resources/Inform7/Extensions/graham nelson/standard rules.i7x</string>
        <key>Line</key><integer>5151</integer>
        <key>Title</key><string>Section SR5/3/5 - Loops and conditionals - Repeat through lists</string>
        <key>Level</key><integer>5</integer>
        <key>Indentation</key><integer>2</integer>
    </dict>
    <key>82</key><dict>
        <key>Filename</key><string>/Users/macuser/Desktop/Inform.app/Contents/Resources/Inform7/Extensions/graham nelson/standard rules.i7x</string>
        <key>Line</key><integer>5157</integer>
        <key>Title</key><string>Section SR5/3/6 - Loops and conditionals - Changing the flow of loops</string>
        <key>Level</key><integer>5</integer>
        <key>Indentation</key><integer>2</integer>
    </dict>
    <key>83</key><dict>
        <key>Filename</key><string>/Users/macuser/Desktop/Inform.app/Contents/Resources/Inform7/Extensions/graham nelson/standard rules.i7x</string>
        <key>Line</key><integer>5164</integer>
        <key>Title</key><string>Section SR5/3/7 - Loops and conditionals - Deciding outcomes</string>
        <key>Level</key><integer>5</integer>
        <key>Indentation</key><integer>2</integer>
    </dict>
    <key>84</key><dict>
        <key>Filename</key><string>/Users/macuser/Desktop/Inform.app/Contents/Resources/Inform7/Extensions/graham nelson/standard rules.i7x</string>
        <key>Line</key><integer>5180</integer>
        <key>Title</key><string>Section SR5/3/8 - Loops and conditionals - Stop or go</string>
        <key>Level</key><integer>5</integer>
        <key>Indentation</key><integer>2</integer>
    </dict>
    <key>85</key><dict>
        <key>Filename</key><string>/Users/macuser/Desktop/Inform.app/Contents/Resources/Inform7/Extensions/graham nelson/standard rules.i7x</string>
        <key>Line</key><integer>5187</integer>
        <key>Title</key><string>Section SR5/4/1 - Actions, activities and rules - Trying actions</string>
        <key>Level</key><integer>5</integer>
        <key>Indentation</key><integer>2</integer>
    </dict>
    <key>86</key><dict>
        <key>Filename</key><string>/Users/macuser/Desktop/Inform.app/Contents/Resources/Inform7/Extensions/graham nelson/standard rules.i7x</string>
        <key>Line</key><integer>5197</integer>
        <key>Title</key><string>Section SR5/4/2 - Actions, activities and rules - Action requirements</string>
        <key>Level</key><integer>5</integer>
        <key>Indentation</key><integer>2</integer>
    </dict>
    <key>87</key><dict>
        <key>Filename</key><string>/Users/macuser/Desktop/Inform.app/Contents/Resources/Inform7/Extensions/graham nelson/standard rules.i7x</string>
        <key>Line</key><integer>5211</integer>
        <key>Title</key><string>Section SR5/4/3 - Actions, activities and rules - Stop or continue</string>
        <key>Level</key><integer>5</integer>
        <key>Indentation</key><integer>2</integer>
    </dict>
    <key>88</key><dict>
        <key>Filename</key><string>/Users/macuser/Desktop/Inform.app/Contents/Resources/Inform7/Extensions/graham nelson/standard rules.i7x</string>
        <key>Line</key><integer>5219</integer>
        <key>Title</key><string>Section SR5/4/4 - Actions, activities and rules - Stored actions</string>
        <key>Level</key><integer>5</integer>
        <key>Indentation</key><integer>2</integer>
    </dict>
    <key>89</key><dict>
        <key>Filename</key><string>/Users/macuser/Desktop/Inform.app/Contents/Resources/Inform7/Extensions/graham nelson/standard rules.i7x</string>
        <key>Line</key><integer>5244</integer>
        <key>Title</key><string>Section SR5/4/5 - Actions, activities and rules - Carrying out activities</string>
        <key>Level</key><integer>5</integer>
        <key>Indentation</key><integer>2</integer>
    </dict>
    <key>90</key><dict>
        <key>Filename</key><string>/Users/macuser/Desktop/Inform.app/Contents/Resources/Inform7/Extensions/graham nelson/standard rules.i7x</string>
        <key>Line</key><integer>5265</integer>
        <key>Title</key><string>Section SR5/4/6 - Actions, activities and rules - Advanced activities</string>
        <key>Level</key><integer>5</integer>
        <key>Indentation</key><integer>2</integer>
    </dict>
    <key>91</key><dict>
        <key>Filename</key><string>/Users/macuser/Desktop/Inform.app/Contents/Resources/Inform7/Extensions/graham nelson/standard rules.i7x</string>
        <key>Line</key><integer>5285</integer>
        <key>Title</key><string>Section SR5/4/7 - Actions, activities and rules - Following rules</string>
        <key>Level</key><integer>5</integer>
        <key>Indentation</key><integer>2</integer>
    </dict>
    <key>92</key><dict>
        <key>Filename</key><string>/Users/macuser/Desktop/Inform.app/Contents/Resources/Inform7/Extensions/graham nelson/standard rules.i7x</string>
        <key>Line</key><integer>5315</integer>
        <key>Title</key><string>Section SR5/4/8 - Actions, activities and rules - Success and failure</string>
        <key>Level</key><integer>5</integer>
        <key>Indentation</key><integer>2</integer>
    </dict>
    <key>93</key><dict>
        <key>Filename</key><string>/Users/macuser/Desktop/Inform.app/Contents/Resources/Inform7/Extensions/graham nelson/standard rules.i7x</string>
        <key>Line</key><integer>5342</integer>
        <key>Title</key><string>Section SR5/4/9 - Actions, activities and rules - Procedural manipulation</string>
        <key>Level</key><integer>5</integer>
        <key>Indentation</key><integer>2</integer>
    </dict>
    <key>94</key><dict>
        <key>Filename</key><string>/Users/macuser/Desktop/Inform.app/Contents/Resources/Inform7/Extensions/graham nelson/standard rules.i7x</string>
        <key>Line</key><integer>5362</integer>
        <key>Title</key><string>Section SR5/5/1 - Model world - Score</string>
        <key>Level</key><integer>5</integer>
        <key>Indentation</key><integer>2</integer>
    </dict>
    <key>95</key><dict>
        <key>Filename</key><string>/Users/macuser/Desktop/Inform.app/Contents/Resources/Inform7/Extensions/graham nelson/standard rules.i7x</string>
        <key>Line</key><integer>5368</integer>
        <key>Title</key><string>Section SR5/5/2 - Model world - Outcome of play</string>
        <key>Level</key><integer>5</integer>
        <key>Indentation</key><integer>2</integer>
    </dict>
    <key>96</key><dict>
        <key>Filename</key><string>/Users/macuser/Desktop/Inform.app/Contents/Resources/Inform7/Extensions/graham nelson/standard rules.i7x</string>
        <key>Line</key><integer>5379</integer>
        <key>Title</key><string>Section SR5/5/3 - Model world - Times of day</string>
        <key>Level</key><integer>5</integer>
        <key>Indentation</key><integer>2</integer>
    </dict>
    <key>97</key><dict>
        <key>Filename</key><string>/Users/macuser/Desktop/Inform.app/Contents/Resources/Inform7/Extensions/graham nelson/standard rules.i7x</string>
        <key>Line</key><integer>5402</integer>
        <key>Title</key><string>Section SR5/5/4 - Model world - Durations</string>
        <key>Level</key><integer>5</integer>
        <key>Indentation</key><integer>2</integer>
    </dict>
    <key>98</key><dict>
        <key>Filename</key><string>/Users/macuser/Desktop/Inform.app/Contents/Resources/Inform7/Extensions/graham nelson/standard rules.i7x</string>
        <key>Line</key><integer>5410</integer>
        <key>Title</key><string>Section SR5/5/5 - Model world - Timed events</string>
        <key>Level</key><integer>5</integer>
        <key>Indentation</key><integer>2</integer>
    </dict>
    <key>99</key><dict>
        <key>Filename</key><string>/Users/macuser/Desktop/Inform.app/Contents/Resources/Inform7/Extensions/graham nelson/standard rules.i7x</string>
        <key>Line</key><integer>5422</integer>
        <key>Title</key><string>Section SR5/5/6 - Model world - Scenes</string>
        <key>Level</key><integer>5</integer>
        <key>Indentation</key><integer>2</integer>
    </dict>
    <key>100</key><dict>
        <key>Filename</key><string>/Users/macuser/Desktop/Inform.app/Contents/Resources/Inform7/Extensions/graham nelson/standard rules.i7x</string>
        <key>Line</key><integer>5433</integer>
        <key>Title</key><string>Section SR5/5/7 - Model world - Timing of scenes</string>
        <key>Level</key><integer>5</integer>
        <key>Indentation</key><integer>2</integer>
    </dict>
    <key>101</key><dict>
        <key>Filename</key><string>/Users/macuser/Desktop/Inform.app/Contents/Resources/Inform7/Extensions/graham nelson/standard rules.i7x</string>
        <key>Line</key><integer>5445</integer>
        <key>Title</key><string>Section SR5/5/8 - Model world - Player's identity and location</string>
        <key>Level</key><integer>5</integer>
        <key>Indentation</key><integer>2</integer>
    </dict>
    <key>102</key><dict>
        <key>Filename</key><string>/Users/macuser/Desktop/Inform.app/Contents/Resources/Inform7/Extensions/graham nelson/standard rules.i7x</string>
        <key>Line</key><integer>5456</integer>
        <key>Title</key><string>Section SR5/5/9 - Model world - Moving and removing things</string>
        <key>Level</key><integer>5</integer>
        <key>Indentation</key><integer>2</integer>
    </dict>
    <key>103</key><dict>
        <key>Filename</key><string>/Users/macuser/Desktop/Inform.app/Contents/Resources/Inform7/Extensions/graham nelson/standard rules.i7x</string>
        <key>Line</key><integer>5473</integer>
        <key>Title</key><string>Section SR5/5/10 - Model world - The map</string>
        <key>Level</key><integer>5</integer>
        <key>Indentation</key><integer>2</integer>
    </dict>
    <key>104</key><dict>
        <key>Filename</key><string>/Users/macuser/Desktop/Inform.app/Contents/Resources/Inform7/Extensions/graham nelson/standard rules.i7x</string>
        <key>Line</key><integer>5501</integer>
        <key>Title</key><string>Section SR5/5/11 - Model world - Route-finding</string>
        <key>Level</key><integer>5</integer>
        <key>Indentation</key><integer>2</integer>
    </dict>
    <key>105</key><dict>
        <key>Filename</key><string>/Users/macuser/Desktop/Inform.app/Contents/Resources/Inform7/Extensions/graham nelson/standard rules.i7x</string>
        <key>Line</key><integer>5519</integer>
        <key>Title</key><string>Section SR5/5/12 - Model world - The object tree</string>
        <key>Level</key><integer>5</integer>
        <key>Indentation</key><integer>2</integer>
    </dict>
    <key>106</key><dict>
        <key>Filename</key><string>/Users/macuser/Desktop/Inform.app/Contents/Resources/Inform7/Extensions/graham nelson/standard rules.i7x</string>
        <key>Line</key><integer>5529</integer>
        <key>Title</key><string>Section SR5/6/1 - Understanding - Asking yes/no questions</string>
        <key>Level</key><integer>5</integer>
        <key>Indentation</key><integer>2</integer>
    </dict>
    <key>107</key><dict>
        <key>Filename</key><string>/Users/macuser/Desktop/Inform.app/Contents/Resources/Inform7/Extensions/graham nelson/standard rules.i7x</string>
        <key>Line</key><integer>5535</integer>
        <key>Title</key><string>Section SR5/6/2 - Understanding - The player's command</string>
        <key>Level</key><integer>5</integer>
        <key>Indentation</key><integer>2</integer>
    </dict>
    <key>108</key><dict>
        <key>Filename</key><string>/Users/macuser/Desktop/Inform.app/Contents/Resources/Inform7/Extensions/graham nelson/standard rules.i7x</string>
        <key>Line</key><integer>5548</integer>
        <key>Title</key><string>Section SR5/6/3 - Understanding - Changing the player's command</string>
        <key>Level</key><integer>5</integer>
        <key>Indentation</key><integer>2</integer>
    </dict>
    <key>109</key><dict>
        <key>Filename</key><string>/Users/macuser/Desktop/Inform.app/Contents/Resources/Inform7/Extensions/graham nelson/standard rules.i7x</string>
        <key>Line</key><integer>5560</integer>
        <key>Title</key><string>Section SR5/6/4 - Understanding - Scope and pronouns</string>
        <key>Level</key><integer>5</integer>
        <key>Indentation</key><integer>2</integer>
    </dict>
    <key>110</key><dict>
        <key>Filename</key><string>/Users/macuser/Desktop/Inform.app/Contents/Resources/Inform7/Extensions/graham nelson/standard rules.i7x</string>
        <key>Line</key><integer>5573</integer>
        <key>Title</key><string>Section SR5/6/5 - Understanding - I6 parser errors</string>
        <key>Level</key><integer>5</integer>
        <key>Indentation</key><integer>2</integer>
    </dict>
    <key>111</key><dict>
        <key>Filename</key><string>/Users/macuser/Desktop/Inform.app/Contents/Resources/Inform7/Extensions/graham nelson/standard rules.i7x</string>
        <key>Line</key><integer>5615</integer>
        <key>Title</key><string>Section SR5/7/1 - Using external resources - Files</string>
        <key>Level</key><integer>5</integer>
        <key>Indentation</key><integer>2</integer>
    </dict>
    <key>112</key><dict>
        <key>Filename</key><string>/Users/macuser/Desktop/Inform.app/Contents/Resources/Inform7/Extensions/graham nelson/standard rules.i7x</string>
        <key>Line</key><integer>5639</integer>
        <key>Title</key><string>Section SR5/7/2 - Using external resources - Figures and sound effects</string>
        <key>Level</key><integer>5</integer>
        <key>Indentation</key><integer>2</integer>
    </dict>
    <key>113</key><dict>
        <key>Filename</key><string>/Users/macuser/Desktop/Inform.app/Contents/Resources/Inform7/Extensions/graham nelson/standard rules.i7x</string>
        <key>Line</key><integer>5648</integer>
        <key>Title</key><string>Section SR5/8/1 - Message support - Issuance - Unindexed</string>
        <key>Level</key><integer>5</integer>
        <key>Indentation</key><integer>2</integer>
    </dict>
    <key>114</key><dict>
        <key>Filename</key><string>/Users/macuser/Desktop/Inform.app/Contents/Resources/Inform7/Extensions/graham nelson/standard rules.i7x</string>
        <key>Line</key><integer>5693</integer>
        <key>Title</key><string>Section SR5/8/2 - Message support - Intervention - Unindexed</string>
        <key>Level</key><integer>5</integer>
        <key>Indentation</key><integer>2</integer>
    </dict>
    <key>115</key><dict>
        <key>Filename</key><string>/Users/macuser/Desktop/Inform.app/Contents/Resources/Inform7/Extensions/graham nelson/standard rules.i7x</string>
        <key>Line</key><integer>5704</integer>
        <key>Title</key><string>Section SR5/9/1 - Miscellaneous other phrases - Unindexed</string>
        <key>Level</key><integer>5</integer>
        <key>Indentation</key><integer>2</integer>
    </dict>
    <key>116</key><dict>
        <key>Line</key><integer>1</integer>
        <key>Title</key><string>To say (value - time)</string>
        <key>Level</key><integer>0</integer>
        <key>Indentation</key><integer>0</integer>
    </dict>
</dict></plist>
